name,keywords,tier,duration,easing,implementation,guardrail
Micro Feedback,buttons controls forms,subtle,80-180ms,ease-out,"Opacity, colour and 1-2px transform feedback",Always support reduced motion
Section Reveal,landing editorial content,standard,220-420ms,"cubic-bezier(.22,1,.36,1)","Stagger heading, copy and visual once",Do not animate every repeated card
Spatial Panel,workbench drawer inspector,standard,180-300ms,"cubic-bezier(.2,.8,.2,1)",Translate contextual surface from its spatial origin,Keep focus and state continuity
Hero Choreography,campaign cinematic product,expressive,450-800ms,"cubic-bezier(.16,1,.3,1)",One controlled sequence across media and type,Provide static reduced-motion state
Data Transition,charts metrics analytics,standard,250-500ms,ease-in-out,"Animate between meaningful states, not on every refresh",Never imply false precision
Shared Element,detail transition catalogue,expressive,300-550ms,"cubic-bezier(.2,.9,.2,1)",Preserve product or item context into detail,Fallback cleanly without view transitions
Tactile Press,consumer playful control,subtle,90-160ms,ease-out,Scale or depress control without layout shift,Do not overuse bounce
Ambient Background,immersive brand ai,expressive,8-20s,linear,Very slow decorative drift behind readable content,Pause or reduce for reduced motion and battery
Progress Journey,workflow onboarding,standard,180-300ms,ease-out,Animate progress and step transition directionally,Do not block navigation
